q,k,mated
002_02_L_01.tiff,002_02_L_02.tiff,True
002_02_L_01.tiff,002_02_L_03.tiff,True
002_02_L_01.tiff,002_02_L_04.tiff,True
002_02_L_01.tiff,002_02_L_05.tiff,True
002_02_L_02.tiff,002_02_L_03.tiff,True
002_02_L_02.tiff,002_02_L_04.tiff,True
002_02_L_02.tiff,002_02_L_05.tiff,True
002_02_L_03.tiff,002_02_L_04.tiff,True
002_02_L_03.tiff,002_02_L_05.tiff,True
002_02_L_04.tiff,002_02_L_05.tiff,True
002_02_R_01.tiff,002_02_R_02.tiff,True
002_02_R_01.tiff,002_02_R_03.tiff,True
002_02_R_01.tiff,002_02_R_04.tiff,True
002_02_R_01.tiff,002_02_R_05.tiff,True
002_02_R_02.tiff,002_02_R_03.tiff,True
002_02_R_02.tiff,002_02_R_04.tiff,True
002_02_R_02.tiff,002_02_R_05.tiff,True
002_02_R_03.tiff,002_02_R_04.tiff,True
002_02_R_03.tiff,002_02_R_05.tiff,True
002_02_R_04.tiff,002_02_R_05.tiff,True
003_02_L_01.tiff,003_02_L_02.tiff,True
003_02_L_01.tiff,003_02_L_03.tiff,True
003_02_L_01.tiff,003_02_L_04.tiff,True
003_02_L_01.tiff,003_02_L_05.tiff,True
003_02_L_02.tiff,003_02_L_03.tiff,True
003_02_L_02.tiff,003_02_L_04.tiff,True
003_02_L_02.tiff,003_02_L_05.tiff,True
003_02_L_03.tiff,003_02_L_04.tiff,True
003_02_L_03.tiff,003_02_L_05.tiff,True
003_02_L_04.tiff,003_02_L_05.tiff,True
003_02_R_01.tiff,003_02_R_02.tiff,True
003_02_R_01.tiff,003_02_R_03.tiff,True
003_02_R_01.tiff,003_02_R_04.tiff,True
003_02_R_01.tiff,003_02_R_05.tiff,True
003_02_R_02.tiff,003_02_R_03.tiff,True
003_02_R_02.tiff,003_02_R_04.tiff,True
003_02_R_02.tiff,003_02_R_05.tiff,True
003_02_R_03.tiff,003_02_R_04.tiff,True
003_02_R_03.tiff,003_02_R_05.tiff,True
003_02_R_04.tiff,003_02_R_05.tiff,True
003_03_L_01.tiff,003_03_L_02.tiff,True
003_03_L_01.tiff,003_03_L_03.tiff,True
003_03_L_01.tiff,003_03_L_04.tiff,True
003_03_L_01.tiff,003_03_L_05.tiff,True
003_03_L_02.tiff,003_03_L_03.tiff,True
003_03_L_02.tiff,003_03_L_04.tiff,True
003_03_L_02.tiff,003_03_L_05.tiff,True
003_03_L_03.tiff,003_03_L_04.tiff,True
003_03_L_03.tiff,003_03_L_05.tiff,True
003_03_L_04.tiff,003_03_L_05.tiff,True
003_03_R_01.tiff,003_03_R_02.tiff,True
003_03_R_01.tiff,003_03_R_03.tiff,True
003_03_R_01.tiff,003_03_R_04.tiff,True
003_03_R_01.tiff,003_03_R_05.tiff,True
003_03_R_02.tiff,003_03_R_03.tiff,True
003_03_R_02.tiff,003_03_R_04.tiff,True
003_03_R_02.tiff,003_03_R_05.tiff,True
003_03_R_03.tiff,003_03_R_04.tiff,True
003_03_R_03.tiff,003_03_R_05.tiff,True
003_03_R_04.tiff,003_03_R_05.tiff,True
004_04_L_01.tiff,004_04_L_02.tiff,True
004_04_L_01.tiff,004_04_L_03.tiff,True
004_04_L_01.tiff,004_04_L_04.tiff,True
004_04_L_01.tiff,004_04_L_05.tiff,True
004_04_L_02.tiff,004_04_L_03.tiff,True
004_04_L_02.tiff,004_04_L_04.tiff,True
004_04_L_02.tiff,004_04_L_05.tiff,True
004_04_L_03.tiff,004_04_L_04.tiff,True
004_04_L_03.tiff,004_04_L_05.tiff,True
004_04_L_04.tiff,004_04_L_05.tiff,True
004_04_R_01.tiff,004_04_R_02.tiff,True
004_04_R_01.tiff,004_04_R_03.tiff,True
004_04_R_01.tiff,004_04_R_04.tiff,True
004_04_R_01.tiff,004_04_R_05.tiff,True
004_04_R_02.tiff,004_04_R_03.tiff,True
004_04_R_02.tiff,004_04_R_04.tiff,True
004_04_R_02.tiff,004_04_R_05.tiff,True
004_04_R_03.tiff,004_04_R_04.tiff,True
004_04_R_03.tiff,004_04_R_05.tiff,True
004_04_R_04.tiff,004_04_R_05.tiff,True
004_07_L_01.tiff,004_07_L_02.tiff,True
004_07_L_01.tiff,004_07_L_03.tiff,True
004_07_L_01.tiff,004_07_L_04.tiff,True
004_07_L_01.tiff,004_07_L_05.tiff,True
004_07_L_02.tiff,004_07_L_03.tiff,True
004_07_L_02.tiff,004_07_L_04.tiff,True
004_07_L_02.tiff,004_07_L_05.tiff,True
004_07_L_03.tiff,004_07_L_04.tiff,True
004_07_L_03.tiff,004_07_L_05.tiff,True
004_07_L_04.tiff,004_07_L_05.tiff,True
004_07_R_01.tiff,004_07_R_02.tiff,True
004_07_R_01.tiff,004_07_R_03.tiff,True
004_07_R_01.tiff,004_07_R_04.tiff,True
004_07_R_01.tiff,004_07_R_05.tiff,True
004_07_R_02.tiff,004_07_R_03.tiff,True
004_07_R_02.tiff,004_07_R_04.tiff,True
004_07_R_02.tiff,004_07_R_05.tiff,True
004_07_R_03.tiff,004_07_R_04.tiff,True
004_07_R_03.tiff,004_07_R_05.tiff,True
004_07_R_04.tiff,004_07_R_05.tiff,True
005_02_L_01.tiff,005_02_L_02.tiff,True
005_02_L_01.tiff,005_02_L_03.tiff,True
005_02_L_01.tiff,005_02_L_04.tiff,True
005_02_L_01.tiff,005_02_L_05.tiff,True
005_02_L_02.tiff,005_02_L_03.tiff,True
005_02_L_02.tiff,005_02_L_04.tiff,True
005_02_L_02.tiff,005_02_L_05.tiff,True
005_02_L_03.tiff,005_02_L_04.tiff,True
005_02_L_03.tiff,005_02_L_05.tiff,True
005_02_L_04.tiff,005_02_L_05.tiff,True
005_02_R_01.tiff,005_02_R_02.tiff,True
005_02_R_01.tiff,005_02_R_03.tiff,True
005_02_R_01.tiff,005_02_R_04.tiff,True
005_02_R_01.tiff,005_02_R_05.tiff,True
005_02_R_02.tiff,005_02_R_03.tiff,True
005_02_R_02.tiff,005_02_R_04.tiff,True
005_02_R_02.tiff,005_02_R_05.tiff,True
005_02_R_03.tiff,005_02_R_04.tiff,True
005_02_R_03.tiff,005_02_R_05.tiff,True
005_02_R_04.tiff,005_02_R_05.tiff,True
005_03_L_01.tiff,005_03_L_02.tiff,True
005_03_L_01.tiff,005_03_L_03.tiff,True
005_03_L_01.tiff,005_03_L_04.tiff,True
005_03_L_01.tiff,005_03_L_05.tiff,True
005_03_L_02.tiff,005_03_L_03.tiff,True
005_03_L_02.tiff,005_03_L_04.tiff,True
005_03_L_02.tiff,005_03_L_05.tiff,True
005_03_L_03.tiff,005_03_L_04.tiff,True
005_03_L_03.tiff,005_03_L_05.tiff,True
005_03_L_04.tiff,005_03_L_05.tiff,True
005_03_R_01.tiff,005_03_R_02.tiff,True
005_03_R_01.tiff,005_03_R_03.tiff,True
005_03_R_01.tiff,005_03_R_04.tiff,True
005_03_R_01.tiff,005_03_R_05.tiff,True
005_03_R_02.tiff,005_03_R_03.tiff,True
005_03_R_02.tiff,005_03_R_04.tiff,True
005_03_R_02.tiff,005_03_R_05.tiff,True
005_03_R_03.tiff,005_03_R_04.tiff,True
005_03_R_03.tiff,005_03_R_05.tiff,True
005_03_R_04.tiff,005_03_R_05.tiff,True
005_05_L_01.tiff,005_05_L_02.tiff,True
005_05_L_01.tiff,005_05_L_03.tiff,True
005_05_L_01.tiff,005_05_L_04.tiff,True
005_05_L_01.tiff,005_05_L_05.tiff,True
005_05_L_02.tiff,005_05_L_03.tiff,True
005_05_L_02.tiff,005_05_L_04.tiff,True
005_05_L_02.tiff,005_05_L_05.tiff,True
005_05_L_03.tiff,005_05_L_04.tiff,True
005_05_L_03.tiff,005_05_L_05.tiff,True
005_05_L_04.tiff,005_05_L_05.tiff,True
005_05_R_01.tiff,005_05_R_02.tiff,True
005_05_R_01.tiff,005_05_R_03.tiff,True
005_05_R_01.tiff,005_05_R_04.tiff,True
005_05_R_01.tiff,005_05_R_05.tiff,True
005_05_R_02.tiff,005_05_R_03.tiff,True
005_05_R_02.tiff,005_05_R_04.tiff,True
005_05_R_02.tiff,005_05_R_05.tiff,True
005_05_R_03.tiff,005_05_R_04.tiff,True
005_05_R_03.tiff,005_05_R_05.tiff,True
005_05_R_04.tiff,005_05_R_05.tiff,True
005_07_L_01.tiff,005_07_L_02.tiff,True
005_07_L_01.tiff,005_07_L_03.tiff,True
005_07_L_01.tiff,005_07_L_04.tiff,True
005_07_L_01.tiff,005_07_L_05.tiff,True
005_07_L_02.tiff,005_07_L_03.tiff,True
005_07_L_02.tiff,005_07_L_04.tiff,True
005_07_L_02.tiff,005_07_L_05.tiff,True
005_07_L_03.tiff,005_07_L_04.tiff,True
005_07_L_03.tiff,005_07_L_05.tiff,True
005_07_L_04.tiff,005_07_L_05.tiff,True
005_07_R_01.tiff,005_07_R_02.tiff,True
005_07_R_01.tiff,005_07_R_03.tiff,True
005_07_R_01.tiff,005_07_R_04.tiff,True
005_07_R_01.tiff,005_07_R_05.tiff,True
005_07_R_02.tiff,005_07_R_03.tiff,True
005_07_R_02.tiff,005_07_R_04.tiff,True
005_07_R_02.tiff,005_07_R_05.tiff,True
005_07_R_03.tiff,005_07_R_04.tiff,True
005_07_R_03.tiff,005_07_R_05.tiff,True
005_07_R_04.tiff,005_07_R_05.tiff,True
005_09_L_01.tiff,005_09_L_02.tiff,True
005_09_L_01.tiff,005_09_L_03.tiff,True
005_09_L_01.tiff,005_09_L_04.tiff,True
005_09_L_01.tiff,005_09_L_05.tiff,True
005_09_L_02.tiff,005_09_L_03.tiff,True
005_09_L_02.tiff,005_09_L_04.tiff,True
005_09_L_02.tiff,005_09_L_05.tiff,True
005_09_L_03.tiff,005_09_L_04.tiff,True
005_09_L_03.tiff,005_09_L_05.tiff,True
005_09_L_04.tiff,005_09_L_05.tiff,True
005_09_R_01.tiff,005_09_R_02.tiff,True
005_09_R_01.tiff,005_09_R_03.tiff,True
005_09_R_01.tiff,005_09_R_04.tiff,True
005_09_R_01.tiff,005_09_R_05.tiff,True
005_09_R_02.tiff,005_09_R_03.tiff,True
005_09_R_02.tiff,005_09_R_04.tiff,True
005_09_R_02.tiff,005_09_R_05.tiff,True
005_09_R_03.tiff,005_09_R_04.tiff,True
005_09_R_03.tiff,005_09_R_05.tiff,True
005_09_R_04.tiff,005_09_R_05.tiff,True
005_11_L_01.tiff,005_11_L_02.tiff,True
005_11_L_01.tiff,005_11_L_03.tiff,True
005_11_L_01.tiff,005_11_L_04.tiff,True
005_11_L_01.tiff,005_11_L_05.tiff,True
005_11_L_02.tiff,005_11_L_03.tiff,True
005_11_L_02.tiff,005_11_L_04.tiff,True
005_11_L_02.tiff,005_11_L_05.tiff,True
005_11_L_03.tiff,005_11_L_04.tiff,True
005_11_L_03.tiff,005_11_L_05.tiff,True
005_11_L_04.tiff,005_11_L_05.tiff,True
005_11_R_01.tiff,005_11_R_02.tiff,True
005_11_R_01.tiff,005_11_R_03.tiff,True
005_11_R_01.tiff,005_11_R_04.tiff,True
005_11_R_01.tiff,005_11_R_05.tiff,True
005_11_R_02.tiff,005_11_R_03.tiff,True
005_11_R_02.tiff,005_11_R_04.tiff,True
005_11_R_02.tiff,005_11_R_05.tiff,True
005_11_R_03.tiff,005_11_R_04.tiff,True
005_11_R_03.tiff,005_11_R_05.tiff,True
005_11_R_04.tiff,005_11_R_05.tiff,True
006_02_L_01.tiff,006_02_L_02.tiff,True
006_02_L_01.tiff,006_02_L_03.tiff,True
006_02_L_01.tiff,006_02_L_04.tiff,True
006_02_L_01.tiff,006_02_L_05.tiff,True
006_02_L_02.tiff,006_02_L_03.tiff,True
006_02_L_02.tiff,006_02_L_04.tiff,True
006_02_L_02.tiff,006_02_L_05.tiff,True
006_02_L_03.tiff,006_02_L_04.tiff,True
006_02_L_03.tiff,006_02_L_05.tiff,True
006_02_L_04.tiff,006_02_L_05.tiff,True
006_02_R_01.tiff,006_02_R_02.tiff,True
006_02_R_01.tiff,006_02_R_03.tiff,True
006_02_R_01.tiff,006_02_R_04.tiff,True
006_02_R_01.tiff,006_02_R_05.tiff,True
006_02_R_02.tiff,006_02_R_03.tiff,True
006_02_R_02.tiff,006_02_R_04.tiff,True
006_02_R_02.tiff,006_02_R_05.tiff,True
006_02_R_03.tiff,006_02_R_04.tiff,True
006_02_R_03.tiff,006_02_R_05.tiff,True
006_02_R_04.tiff,006_02_R_05.tiff,True
006_03_L_01.tiff,006_03_L_02.tiff,True
006_03_L_01.tiff,006_03_L_03.tiff,True
006_03_L_01.tiff,006_03_L_04.tiff,True
006_03_L_01.tiff,006_03_L_05.tiff,True
006_03_L_02.tiff,006_03_L_03.tiff,True
006_03_L_02.tiff,006_03_L_04.tiff,True
006_03_L_02.tiff,006_03_L_05.tiff,True
006_03_L_03.tiff,006_03_L_04.tiff,True
006_03_L_03.tiff,006_03_L_05.tiff,True
006_03_L_04.tiff,006_03_L_05.tiff,True
006_03_R_01.tiff,006_03_R_02.tiff,True
006_03_R_01.tiff,006_03_R_03.tiff,True
006_03_R_01.tiff,006_03_R_04.tiff,True
006_03_R_01.tiff,006_03_R_05.tiff,True
006_03_R_02.tiff,006_03_R_03.tiff,True
006_03_R_02.tiff,006_03_R_04.tiff,True
006_03_R_02.tiff,006_03_R_05.tiff,True
006_03_R_03.tiff,006_03_R_04.tiff,True
006_03_R_03.tiff,006_03_R_05.tiff,True
006_03_R_04.tiff,006_03_R_05.tiff,True
007_02_L_01.tiff,007_02_L_02.tiff,True
007_02_L_01.tiff,007_02_L_03.tiff,True
007_02_L_01.tiff,007_02_L_04.tiff,True
007_02_L_01.tiff,007_02_L_05.tiff,True
007_02_L_02.tiff,007_02_L_03.tiff,True
007_02_L_02.tiff,007_02_L_04.tiff,True
007_02_L_02.tiff,007_02_L_05.tiff,True
007_02_L_03.tiff,007_02_L_04.tiff,True
007_02_L_03.tiff,007_02_L_05.tiff,True
007_02_L_04.tiff,007_02_L_05.tiff,True
007_02_R_01.tiff,007_02_R_02.tiff,True
007_02_R_01.tiff,007_02_R_03.tiff,True
007_02_R_01.tiff,007_02_R_04.tiff,True
007_02_R_01.tiff,007_02_R_05.tiff,True
007_02_R_02.tiff,007_02_R_03.tiff,True
007_02_R_02.tiff,007_02_R_04.tiff,True
007_02_R_02.tiff,007_02_R_05.tiff,True
007_02_R_03.tiff,007_02_R_04.tiff,True
007_02_R_03.tiff,007_02_R_05.tiff,True
007_02_R_04.tiff,007_02_R_05.tiff,True
007_05_L_01.tiff,007_05_L_02.tiff,True
007_05_L_01.tiff,007_05_L_03.tiff,True
007_05_L_01.tiff,007_05_L_04.tiff,True
007_05_L_01.tiff,007_05_L_05.tiff,True
007_05_L_02.tiff,007_05_L_03.tiff,True
007_05_L_02.tiff,007_05_L_04.tiff,True
007_05_L_02.tiff,007_05_L_05.tiff,True
007_05_L_03.tiff,007_05_L_04.tiff,True
007_05_L_03.tiff,007_05_L_05.tiff,True
007_05_L_04.tiff,007_05_L_05.tiff,True
007_05_R_01.tiff,007_05_R_02.tiff,True
007_05_R_01.tiff,007_05_R_03.tiff,True
007_05_R_01.tiff,007_05_R_04.tiff,True
007_05_R_01.tiff,007_05_R_05.tiff,True
007_05_R_02.tiff,007_05_R_03.tiff,True
007_05_R_02.tiff,007_05_R_04.tiff,True
007_05_R_02.tiff,007_05_R_05.tiff,True
007_05_R_03.tiff,007_05_R_04.tiff,True
007_05_R_03.tiff,007_05_R_05.tiff,True
007_05_R_04.tiff,007_05_R_05.tiff,True
008_03_L_01.tiff,008_03_L_02.tiff,True
008_03_L_01.tiff,008_03_L_03.tiff,True
008_03_L_01.tiff,008_03_L_04.tiff,True
008_03_L_01.tiff,008_03_L_05.tiff,True
008_03_L_02.tiff,008_03_L_03.tiff,True
008_03_L_02.tiff,008_03_L_04.tiff,True
008_03_L_02.tiff,008_03_L_05.tiff,True
008_03_L_03.tiff,008_03_L_04.tiff,True
008_03_L_03.tiff,008_03_L_05.tiff,True
008_03_L_04.tiff,008_03_L_05.tiff,True
008_03_R_01.tiff,008_03_R_02.tiff,True
008_03_R_01.tiff,008_03_R_03.tiff,True
008_03_R_01.tiff,008_03_R_04.tiff,True
008_03_R_01.tiff,008_03_R_05.tiff,True
008_03_R_02.tiff,008_03_R_03.tiff,True
008_03_R_02.tiff,008_03_R_04.tiff,True
008_03_R_02.tiff,008_03_R_05.tiff,True
008_03_R_03.tiff,008_03_R_04.tiff,True
008_03_R_03.tiff,008_03_R_05.tiff,True
008_03_R_04.tiff,008_03_R_05.tiff,True
008_06_L_01.tiff,008_06_L_02.tiff,True
008_06_L_01.tiff,008_06_L_03.tiff,True
008_06_L_01.tiff,008_06_L_04.tiff,True
008_06_L_01.tiff,008_06_L_05.tiff,True
008_06_L_02.tiff,008_06_L_03.tiff,True
008_06_L_02.tiff,008_06_L_04.tiff,True
008_06_L_02.tiff,008_06_L_05.tiff,True
008_06_L_03.tiff,008_06_L_04.tiff,True
008_06_L_03.tiff,008_06_L_05.tiff,True
008_06_L_04.tiff,008_06_L_05.tiff,True
008_06_R_01.tiff,008_06_R_02.tiff,True
008_06_R_01.tiff,008_06_R_03.tiff,True
008_06_R_01.tiff,008_06_R_04.tiff,True
008_06_R_01.tiff,008_06_R_05.tiff,True
008_06_R_02.tiff,008_06_R_03.tiff,True
008_06_R_02.tiff,008_06_R_04.tiff,True
008_06_R_02.tiff,008_06_R_05.tiff,True
008_06_R_03.tiff,008_06_R_04.tiff,True
008_06_R_03.tiff,008_06_R_05.tiff,True
008_06_R_04.tiff,008_06_R_05.tiff,True
009_03_L_01.tiff,009_03_L_02.tiff,True
009_03_L_01.tiff,009_03_L_03.tiff,True
009_03_L_01.tiff,009_03_L_04.tiff,True
009_03_L_01.tiff,009_03_L_05.tiff,True
009_03_L_02.tiff,009_03_L_03.tiff,True
009_03_L_02.tiff,009_03_L_04.tiff,True
009_03_L_02.tiff,009_03_L_05.tiff,True
009_03_L_03.tiff,009_03_L_04.tiff,True
009_03_L_03.tiff,009_03_L_05.tiff,True
009_03_L_04.tiff,009_03_L_05.tiff,True
009_03_R_01.tiff,009_03_R_02.tiff,True
009_03_R_01.tiff,009_03_R_03.tiff,True
009_03_R_01.tiff,009_03_R_04.tiff,True
009_03_R_01.tiff,009_03_R_05.tiff,True
009_03_R_02.tiff,009_03_R_03.tiff,True
009_03_R_02.tiff,009_03_R_04.tiff,True
009_03_R_02.tiff,009_03_R_05.tiff,True
009_03_R_03.tiff,009_03_R_04.tiff,True
009_03_R_03.tiff,009_03_R_05.tiff,True
009_03_R_04.tiff,009_03_R_05.tiff,True
009_04_L_01.tiff,009_04_L_02.tiff,True
009_04_L_01.tiff,009_04_L_03.tiff,True
009_04_L_01.tiff,009_04_L_04.tiff,True
009_04_L_01.tiff,009_04_L_05.tiff,True
009_04_L_02.tiff,009_04_L_03.tiff,True
009_04_L_02.tiff,009_04_L_04.tiff,True
009_04_L_02.tiff,009_04_L_05.tiff,True
009_04_L_03.tiff,009_04_L_04.tiff,True
009_04_L_03.tiff,009_04_L_05.tiff,True
009_04_L_04.tiff,009_04_L_05.tiff,True
009_04_R_01.tiff,009_04_R_02.tiff,True
009_04_R_01.tiff,009_04_R_03.tiff,True
009_04_R_01.tiff,009_04_R_04.tiff,True
009_04_R_01.tiff,009_04_R_05.tiff,True
009_04_R_02.tiff,009_04_R_03.tiff,True
009_04_R_02.tiff,009_04_R_04.tiff,True
009_04_R_02.tiff,009_04_R_05.tiff,True
009_04_R_03.tiff,009_04_R_04.tiff,True
009_04_R_03.tiff,009_04_R_05.tiff,True
009_04_R_04.tiff,009_04_R_05.tiff,True
009_05_L_01.tiff,009_05_L_02.tiff,True
009_05_L_01.tiff,009_05_L_03.tiff,True
009_05_L_01.tiff,009_05_L_04.tiff,True
009_05_L_01.tiff,009_05_L_05.tiff,True
009_05_L_02.tiff,009_05_L_03.tiff,True
009_05_L_02.tiff,009_05_L_04.tiff,True
009_05_L_02.tiff,009_05_L_05.tiff,True
009_05_L_03.tiff,009_05_L_04.tiff,True
009_05_L_03.tiff,009_05_L_05.tiff,True
009_05_L_04.tiff,009_05_L_05.tiff,True
009_05_R_01.tiff,009_05_R_02.tiff,True
009_05_R_01.tiff,009_05_R_03.tiff,True
009_05_R_01.tiff,009_05_R_04.tiff,True
009_05_R_01.tiff,009_05_R_05.tiff,True
009_05_R_02.tiff,009_05_R_03.tiff,True
009_05_R_02.tiff,009_05_R_04.tiff,True
009_05_R_02.tiff,009_05_R_05.tiff,True
009_05_R_03.tiff,009_05_R_04.tiff,True
009_05_R_03.tiff,009_05_R_05.tiff,True
009_05_R_04.tiff,009_05_R_05.tiff,True
009_08_L_01.tiff,009_08_L_02.tiff,True
009_08_L_01.tiff,009_08_L_03.tiff,True
009_08_L_01.tiff,009_08_L_04.tiff,True
009_08_L_01.tiff,009_08_L_05.tiff,True
009_08_L_02.tiff,009_08_L_03.tiff,True
009_08_L_02.tiff,009_08_L_04.tiff,True
009_08_L_02.tiff,009_08_L_05.tiff,True
009_08_L_03.tiff,009_08_L_04.tiff,True
009_08_L_03.tiff,009_08_L_05.tiff,True
009_08_L_04.tiff,009_08_L_05.tiff,True
009_08_R_01.tiff,009_08_R_02.tiff,True
009_08_R_01.tiff,009_08_R_03.tiff,True
009_08_R_01.tiff,009_08_R_04.tiff,True
009_08_R_01.tiff,009_08_R_05.tiff,True
009_08_R_02.tiff,009_08_R_03.tiff,True
009_08_R_02.tiff,009_08_R_04.tiff,True
009_08_R_02.tiff,009_08_R_05.tiff,True
009_08_R_03.tiff,009_08_R_04.tiff,True
009_08_R_03.tiff,009_08_R_05.tiff,True
009_08_R_04.tiff,009_08_R_05.tiff,True
009_10_L_01.tiff,009_10_L_02.tiff,True
009_10_L_01.tiff,009_10_L_03.tiff,True
009_10_L_01.tiff,009_10_L_04.tiff,True
009_10_L_01.tiff,009_10_L_05.tiff,True
009_10_L_02.tiff,009_10_L_03.tiff,True
009_10_L_02.tiff,009_10_L_04.tiff,True
009_10_L_02.tiff,009_10_L_05.tiff,True
009_10_L_03.tiff,009_10_L_04.tiff,True
009_10_L_03.tiff,009_10_L_05.tiff,True
009_10_L_04.tiff,009_10_L_05.tiff,True
009_10_R_01.tiff,009_10_R_02.tiff,True
009_10_R_01.tiff,009_10_R_03.tiff,True
009_10_R_01.tiff,009_10_R_04.tiff,True
009_10_R_01.tiff,009_10_R_05.tiff,True
009_10_R_02.tiff,009_10_R_03.tiff,True
009_10_R_02.tiff,009_10_R_04.tiff,True
009_10_R_02.tiff,009_10_R_05.tiff,True
009_10_R_03.tiff,009_10_R_04.tiff,True
009_10_R_03.tiff,009_10_R_05.tiff,True
009_10_R_04.tiff,009_10_R_05.tiff,True
009_11_L_01.tiff,009_11_L_02.tiff,True
009_11_L_01.tiff,009_11_L_03.tiff,True
009_11_L_01.tiff,009_11_L_04.tiff,True
009_11_L_01.tiff,009_11_L_05.tiff,True
009_11_L_02.tiff,009_11_L_03.tiff,True
009_11_L_02.tiff,009_11_L_04.tiff,True
009_11_L_02.tiff,009_11_L_05.tiff,True
009_11_L_03.tiff,009_11_L_04.tiff,True
009_11_L_03.tiff,009_11_L_05.tiff,True
009_11_L_04.tiff,009_11_L_05.tiff,True
009_11_R_01.tiff,009_11_R_02.tiff,True
009_11_R_01.tiff,009_11_R_03.tiff,True
009_11_R_01.tiff,009_11_R_04.tiff,True
009_11_R_01.tiff,009_11_R_05.tiff,True
009_11_R_02.tiff,009_11_R_03.tiff,True
009_11_R_02.tiff,009_11_R_04.tiff,True
009_11_R_02.tiff,009_11_R_05.tiff,True
009_11_R_03.tiff,009_11_R_04.tiff,True
009_11_R_03.tiff,009_11_R_05.tiff,True
009_11_R_04.tiff,009_11_R_05.tiff,True
009_12_L_01.tiff,009_12_L_02.tiff,True
009_12_L_01.tiff,009_12_L_03.tiff,True
009_12_L_01.tiff,009_12_L_04.tiff,True
009_12_L_01.tiff,009_12_L_05.tiff,True
009_12_L_02.tiff,009_12_L_03.tiff,True
009_12_L_02.tiff,009_12_L_04.tiff,True
009_12_L_02.tiff,009_12_L_05.tiff,True
009_12_L_03.tiff,009_12_L_04.tiff,True
009_12_L_03.tiff,009_12_L_05.tiff,True
009_12_L_04.tiff,009_12_L_05.tiff,True
009_12_R_01.tiff,009_12_R_02.tiff,True
009_12_R_01.tiff,009_12_R_03.tiff,True
009_12_R_01.tiff,009_12_R_04.tiff,True
009_12_R_01.tiff,009_12_R_05.tiff,True
009_12_R_02.tiff,009_12_R_03.tiff,True
009_12_R_02.tiff,009_12_R_04.tiff,True
009_12_R_02.tiff,009_12_R_05.tiff,True
009_12_R_03.tiff,009_12_R_04.tiff,True
009_12_R_03.tiff,009_12_R_05.tiff,True
009_12_R_04.tiff,009_12_R_05.tiff,True
010_02_L_01.tiff,010_02_L_02.tiff,True
010_02_L_01.tiff,010_02_L_03.tiff,True
010_02_L_01.tiff,010_02_L_04.tiff,True
010_02_L_01.tiff,010_02_L_05.tiff,True
010_02_L_02.tiff,010_02_L_03.tiff,True
010_02_L_02.tiff,010_02_L_04.tiff,True
010_02_L_02.tiff,010_02_L_05.tiff,True
010_02_L_03.tiff,010_02_L_04.tiff,True
010_02_L_03.tiff,010_02_L_05.tiff,True
010_02_L_04.tiff,010_02_L_05.tiff,True
010_02_R_01.tiff,010_02_R_02.tiff,True
010_02_R_01.tiff,010_02_R_03.tiff,True
010_02_R_01.tiff,010_02_R_04.tiff,True
010_02_R_01.tiff,010_02_R_05.tiff,True
010_02_R_02.tiff,010_02_R_03.tiff,True
010_02_R_02.tiff,010_02_R_04.tiff,True
010_02_R_02.tiff,010_02_R_05.tiff,True
010_02_R_03.tiff,010_02_R_04.tiff,True
010_02_R_03.tiff,010_02_R_05.tiff,True
010_02_R_04.tiff,010_02_R_05.tiff,True
011_01_L_01.tiff,011_01_L_02.tiff,True
011_01_L_01.tiff,011_01_L_03.tiff,True
011_01_L_01.tiff,011_01_L_04.tiff,True
011_01_L_01.tiff,011_01_L_05.tiff,True
011_01_L_02.tiff,011_01_L_03.tiff,True
011_01_L_02.tiff,011_01_L_04.tiff,True
011_01_L_02.tiff,011_01_L_05.tiff,True
011_01_L_03.tiff,011_01_L_04.tiff,True
011_01_L_03.tiff,011_01_L_05.tiff,True
011_01_L_04.tiff,011_01_L_05.tiff,True
011_01_R_01.tiff,011_01_R_02.tiff,True
011_01_R_01.tiff,011_01_R_03.tiff,True
011_01_R_01.tiff,011_01_R_04.tiff,True
011_01_R_01.tiff,011_01_R_05.tiff,True
011_01_R_02.tiff,011_01_R_03.tiff,True
011_01_R_02.tiff,011_01_R_04.tiff,True
011_01_R_02.tiff,011_01_R_05.tiff,True
011_01_R_03.tiff,011_01_R_04.tiff,True
011_01_R_03.tiff,011_01_R_05.tiff,True
011_01_R_04.tiff,011_01_R_05.tiff,True
011_04_L_01.tiff,011_04_L_02.tiff,True
011_04_L_01.tiff,011_04_L_03.tiff,True
011_04_L_01.tiff,011_04_L_04.tiff,True
011_04_L_01.tiff,011_04_L_05.tiff,True
011_04_L_02.tiff,011_04_L_03.tiff,True
011_04_L_02.tiff,011_04_L_04.tiff,True
011_04_L_02.tiff,011_04_L_05.tiff,True
011_04_L_03.tiff,011_04_L_04.tiff,True
011_04_L_03.tiff,011_04_L_05.tiff,True
011_04_L_04.tiff,011_04_L_05.tiff,True
011_04_R_01.tiff,011_04_R_02.tiff,True
011_04_R_01.tiff,011_04_R_03.tiff,True
011_04_R_01.tiff,011_04_R_04.tiff,True
011_04_R_01.tiff,011_04_R_05.tiff,True
011_04_R_02.tiff,011_04_R_03.tiff,True
011_04_R_02.tiff,011_04_R_04.tiff,True
011_04_R_02.tiff,011_04_R_05.tiff,True
011_04_R_03.tiff,011_04_R_04.tiff,True
011_04_R_03.tiff,011_04_R_05.tiff,True
011_04_R_04.tiff,011_04_R_05.tiff,True
011_05_L_01.tiff,011_05_L_02.tiff,True
011_05_L_01.tiff,011_05_L_03.tiff,True
011_05_L_01.tiff,011_05_L_04.tiff,True
011_05_L_01.tiff,011_05_L_05.tiff,True
011_05_L_02.tiff,011_05_L_03.tiff,True
011_05_L_02.tiff,011_05_L_04.tiff,True
011_05_L_02.tiff,011_05_L_05.tiff,True
011_05_L_03.tiff,011_05_L_04.tiff,True
011_05_L_03.tiff,011_05_L_05.tiff,True
011_05_L_04.tiff,011_05_L_05.tiff,True
011_05_R_01.tiff,011_05_R_02.tiff,True
011_05_R_01.tiff,011_05_R_03.tiff,True
011_05_R_01.tiff,011_05_R_04.tiff,True
011_05_R_01.tiff,011_05_R_05.tiff,True
011_05_R_02.tiff,011_05_R_03.tiff,True
011_05_R_02.tiff,011_05_R_04.tiff,True
011_05_R_02.tiff,011_05_R_05.tiff,True
011_05_R_03.tiff,011_05_R_04.tiff,True
011_05_R_03.tiff,011_05_R_05.tiff,True
011_05_R_04.tiff,011_05_R_05.tiff,True
011_06_L_01.tiff,011_06_L_02.tiff,True
011_06_L_01.tiff,011_06_L_03.tiff,True
011_06_L_01.tiff,011_06_L_04.tiff,True
011_06_L_01.tiff,011_06_L_05.tiff,True
011_06_L_02.tiff,011_06_L_03.tiff,True
011_06_L_02.tiff,011_06_L_04.tiff,True
011_06_L_02.tiff,011_06_L_05.tiff,True
011_06_L_03.tiff,011_06_L_04.tiff,True
011_06_L_03.tiff,011_06_L_05.tiff,True
011_06_L_04.tiff,011_06_L_05.tiff,True
011_06_R_01.tiff,011_06_R_02.tiff,True
011_06_R_01.tiff,011_06_R_03.tiff,True
011_06_R_01.tiff,011_06_R_04.tiff,True
011_06_R_01.tiff,011_06_R_05.tiff,True
011_06_R_02.tiff,011_06_R_03.tiff,True
011_06_R_02.tiff,011_06_R_04.tiff,True
011_06_R_02.tiff,011_06_R_05.tiff,True
011_06_R_03.tiff,011_06_R_04.tiff,True
011_06_R_03.tiff,011_06_R_05.tiff,True
011_06_R_04.tiff,011_06_R_05.tiff,True
011_07_L_01.tiff,011_07_L_02.tiff,True
011_07_L_01.tiff,011_07_L_03.tiff,True
011_07_L_01.tiff,011_07_L_04.tiff,True
011_07_L_01.tiff,011_07_L_05.tiff,True
011_07_L_02.tiff,011_07_L_03.tiff,True
011_07_L_02.tiff,011_07_L_04.tiff,True
011_07_L_02.tiff,011_07_L_05.tiff,True
011_07_L_03.tiff,011_07_L_04.tiff,True
011_07_L_03.tiff,011_07_L_05.tiff,True
011_07_L_04.tiff,011_07_L_05.tiff,True
011_07_R_01.tiff,011_07_R_02.tiff,True
011_07_R_01.tiff,011_07_R_03.tiff,True
011_07_R_01.tiff,011_07_R_04.tiff,True
011_07_R_01.tiff,011_07_R_05.tiff,True
011_07_R_02.tiff,011_07_R_03.tiff,True
011_07_R_02.tiff,011_07_R_04.tiff,True
011_07_R_02.tiff,011_07_R_05.tiff,True
011_07_R_03.tiff,011_07_R_04.tiff,True
011_07_R_03.tiff,011_07_R_05.tiff,True
011_07_R_04.tiff,011_07_R_05.tiff,True
012_01_L_01.tiff,012_01_L_02.tiff,True
012_01_L_01.tiff,012_01_L_03.tiff,True
012_01_L_01.tiff,012_01_L_04.tiff,True
012_01_L_01.tiff,012_01_L_05.tiff,True
012_01_L_02.tiff,012_01_L_03.tiff,True
012_01_L_02.tiff,012_01_L_04.tiff,True
012_01_L_02.tiff,012_01_L_05.tiff,True
012_01_L_03.tiff,012_01_L_04.tiff,True
012_01_L_03.tiff,012_01_L_05.tiff,True
012_01_L_04.tiff,012_01_L_05.tiff,True
012_01_R_01.tiff,012_01_R_02.tiff,True
012_01_R_01.tiff,012_01_R_03.tiff,True
012_01_R_01.tiff,012_01_R_04.tiff,True
012_01_R_01.tiff,012_01_R_05.tiff,True
012_01_R_02.tiff,012_01_R_03.tiff,True
012_01_R_02.tiff,012_01_R_04.tiff,True
012_01_R_02.tiff,012_01_R_05.tiff,True
012_01_R_03.tiff,012_01_R_04.tiff,True
012_01_R_03.tiff,012_01_R_05.tiff,True
012_01_R_04.tiff,012_01_R_05.tiff,True
012_02_L_01.tiff,012_02_L_02.tiff,True
012_02_L_01.tiff,012_02_L_03.tiff,True
012_02_L_01.tiff,012_02_L_04.tiff,True
012_02_L_01.tiff,012_02_L_05.tiff,True
012_02_L_02.tiff,012_02_L_03.tiff,True
012_02_L_02.tiff,012_02_L_04.tiff,True
012_02_L_02.tiff,012_02_L_05.tiff,True
012_02_L_03.tiff,012_02_L_04.tiff,True
012_02_L_03.tiff,012_02_L_05.tiff,True
012_02_L_04.tiff,012_02_L_05.tiff,True
012_02_R_01.tiff,012_02_R_02.tiff,True
012_02_R_01.tiff,012_02_R_03.tiff,True
012_02_R_01.tiff,012_02_R_04.tiff,True
012_02_R_01.tiff,012_02_R_05.tiff,True
012_02_R_02.tiff,012_02_R_03.tiff,True
012_02_R_02.tiff,012_02_R_04.tiff,True
012_02_R_02.tiff,012_02_R_05.tiff,True
012_02_R_03.tiff,012_02_R_04.tiff,True
012_02_R_03.tiff,012_02_R_05.tiff,True
012_02_R_04.tiff,012_02_R_05.tiff,True
012_04_L_01.tiff,012_04_L_02.tiff,True
012_04_L_01.tiff,012_04_L_03.tiff,True
012_04_L_01.tiff,012_04_L_04.tiff,True
012_04_L_01.tiff,012_04_L_05.tiff,True
012_04_L_02.tiff,012_04_L_03.tiff,True
012_04_L_02.tiff,012_04_L_04.tiff,True
012_04_L_02.tiff,012_04_L_05.tiff,True
012_04_L_03.tiff,012_04_L_04.tiff,True
012_04_L_03.tiff,012_04_L_05.tiff,True
012_04_L_04.tiff,012_04_L_05.tiff,True
012_04_R_01.tiff,012_04_R_02.tiff,True
012_04_R_01.tiff,012_04_R_03.tiff,True
012_04_R_01.tiff,012_04_R_04.tiff,True
012_04_R_01.tiff,012_04_R_05.tiff,True
012_04_R_02.tiff,012_04_R_03.tiff,True
012_04_R_02.tiff,012_04_R_04.tiff,True
012_04_R_02.tiff,012_04_R_05.tiff,True
012_04_R_03.tiff,012_04_R_04.tiff,True
012_04_R_03.tiff,012_04_R_05.tiff,True
012_04_R_04.tiff,012_04_R_05.tiff,True
012_07_L_01.tiff,012_07_L_02.tiff,True
012_07_L_01.tiff,012_07_L_03.tiff,True
012_07_L_01.tiff,012_07_L_04.tiff,True
012_07_L_01.tiff,012_07_L_05.tiff,True
012_07_L_02.tiff,012_07_L_03.tiff,True
012_07_L_02.tiff,012_07_L_04.tiff,True
012_07_L_02.tiff,012_07_L_05.tiff,True
012_07_L_03.tiff,012_07_L_04.tiff,True
012_07_L_03.tiff,012_07_L_05.tiff,True
012_07_L_04.tiff,012_07_L_05.tiff,True
012_07_R_01.tiff,012_07_R_02.tiff,True
012_07_R_01.tiff,012_07_R_03.tiff,True
012_07_R_01.tiff,012_07_R_04.tiff,True
012_07_R_01.tiff,012_07_R_05.tiff,True
012_07_R_02.tiff,012_07_R_03.tiff,True
012_07_R_02.tiff,012_07_R_04.tiff,True
012_07_R_02.tiff,012_07_R_05.tiff,True
012_07_R_03.tiff,012_07_R_04.tiff,True
012_07_R_03.tiff,012_07_R_05.tiff,True
012_07_R_04.tiff,012_07_R_05.tiff,True
012_09_L_01.tiff,012_09_L_02.tiff,True
012_09_L_01.tiff,012_09_L_03.tiff,True
012_09_L_01.tiff,012_09_L_04.tiff,True
012_09_L_01.tiff,012_09_L_05.tiff,True
012_09_L_02.tiff,012_09_L_03.tiff,True
012_09_L_02.tiff,012_09_L_04.tiff,True
012_09_L_02.tiff,012_09_L_05.tiff,True
012_09_L_03.tiff,012_09_L_04.tiff,True
012_09_L_03.tiff,012_09_L_05.tiff,True
012_09_L_04.tiff,012_09_L_05.tiff,True
012_09_R_01.tiff,012_09_R_02.tiff,True
012_09_R_01.tiff,012_09_R_03.tiff,True
012_09_R_01.tiff,012_09_R_04.tiff,True
012_09_R_01.tiff,012_09_R_05.tiff,True
012_09_R_02.tiff,012_09_R_03.tiff,True
012_09_R_02.tiff,012_09_R_04.tiff,True
012_09_R_02.tiff,012_09_R_05.tiff,True
012_09_R_03.tiff,012_09_R_04.tiff,True
012_09_R_03.tiff,012_09_R_05.tiff,True
012_09_R_04.tiff,012_09_R_05.tiff,True
013_01_L_01.tiff,013_01_L_02.tiff,True
013_01_L_01.tiff,013_01_L_03.tiff,True
013_01_L_01.tiff,013_01_L_04.tiff,True
013_01_L_01.tiff,013_01_L_05.tiff,True
013_01_L_02.tiff,013_01_L_03.tiff,True
013_01_L_02.tiff,013_01_L_04.tiff,True
013_01_L_02.tiff,013_01_L_05.tiff,True
013_01_L_03.tiff,013_01_L_04.tiff,True
013_01_L_03.tiff,013_01_L_05.tiff,True
013_01_L_04.tiff,013_01_L_05.tiff,True
013_01_R_01.tiff,013_01_R_02.tiff,True
013_01_R_01.tiff,013_01_R_03.tiff,True
013_01_R_01.tiff,013_01_R_04.tiff,True
013_01_R_01.tiff,013_01_R_05.tiff,True
013_01_R_02.tiff,013_01_R_03.tiff,True
013_01_R_02.tiff,013_01_R_04.tiff,True
013_01_R_02.tiff,013_01_R_05.tiff,True
013_01_R_03.tiff,013_01_R_04.tiff,True
013_01_R_03.tiff,013_01_R_05.tiff,True
013_01_R_04.tiff,013_01_R_05.tiff,True
014_01_L_01.tiff,014_01_L_02.tiff,True
014_01_L_01.tiff,014_01_L_03.tiff,True
014_01_L_01.tiff,014_01_L_04.tiff,True
014_01_L_01.tiff,014_01_L_05.tiff,True
014_01_L_02.tiff,014_01_L_03.tiff,True
014_01_L_02.tiff,014_01_L_04.tiff,True
014_01_L_02.tiff,014_01_L_05.tiff,True
014_01_L_03.tiff,014_01_L_04.tiff,True
014_01_L_03.tiff,014_01_L_05.tiff,True
014_01_L_04.tiff,014_01_L_05.tiff,True
014_01_R_01.tiff,014_01_R_02.tiff,True
014_01_R_01.tiff,014_01_R_03.tiff,True
014_01_R_01.tiff,014_01_R_04.tiff,True
014_01_R_01.tiff,014_01_R_05.tiff,True
014_01_R_02.tiff,014_01_R_03.tiff,True
014_01_R_02.tiff,014_01_R_04.tiff,True
014_01_R_02.tiff,014_01_R_05.tiff,True
014_01_R_03.tiff,014_01_R_04.tiff,True
014_01_R_03.tiff,014_01_R_05.tiff,True
014_01_R_04.tiff,014_01_R_05.tiff,True
014_03_L_01.tiff,014_03_L_02.tiff,True
014_03_L_01.tiff,014_03_L_03.tiff,True
014_03_L_01.tiff,014_03_L_04.tiff,True
014_03_L_01.tiff,014_03_L_05.tiff,True
014_03_L_02.tiff,014_03_L_03.tiff,True
014_03_L_02.tiff,014_03_L_04.tiff,True
014_03_L_02.tiff,014_03_L_05.tiff,True
014_03_L_03.tiff,014_03_L_04.tiff,True
014_03_L_03.tiff,014_03_L_05.tiff,True
014_03_L_04.tiff,014_03_L_05.tiff,True
014_03_R_01.tiff,014_03_R_02.tiff,True
014_03_R_01.tiff,014_03_R_03.tiff,True
014_03_R_01.tiff,014_03_R_04.tiff,True
014_03_R_01.tiff,014_03_R_05.tiff,True
014_03_R_02.tiff,014_03_R_03.tiff,True
014_03_R_02.tiff,014_03_R_04.tiff,True
014_03_R_02.tiff,014_03_R_05.tiff,True
014_03_R_03.tiff,014_03_R_04.tiff,True
014_03_R_03.tiff,014_03_R_05.tiff,True
014_03_R_04.tiff,014_03_R_05.tiff,True
015_02_L_01.tiff,015_02_L_02.tiff,True
015_02_L_01.tiff,015_02_L_03.tiff,True
015_02_L_01.tiff,015_02_L_04.tiff,True
015_02_L_01.tiff,015_02_L_05.tiff,True
015_02_L_02.tiff,015_02_L_03.tiff,True
015_02_L_02.tiff,015_02_L_04.tiff,True
015_02_L_02.tiff,015_02_L_05.tiff,True
015_02_L_03.tiff,015_02_L_04.tiff,True
015_02_L_03.tiff,015_02_L_05.tiff,True
015_02_L_04.tiff,015_02_L_05.tiff,True
015_02_R_01.tiff,015_02_R_02.tiff,True
015_02_R_01.tiff,015_02_R_03.tiff,True
015_02_R_01.tiff,015_02_R_04.tiff,True
015_02_R_01.tiff,015_02_R_05.tiff,True
015_02_R_02.tiff,015_02_R_03.tiff,True
015_02_R_02.tiff,015_02_R_04.tiff,True
015_02_R_02.tiff,015_02_R_05.tiff,True
015_02_R_03.tiff,015_02_R_04.tiff,True
015_02_R_03.tiff,015_02_R_05.tiff,True
015_02_R_04.tiff,015_02_R_05.tiff,True
016_02_L_01.tiff,016_02_L_02.tiff,True
016_02_L_01.tiff,016_02_L_03.tiff,True
016_02_L_01.tiff,016_02_L_04.tiff,True
016_02_L_01.tiff,016_02_L_05.tiff,True
016_02_L_02.tiff,016_02_L_03.tiff,True
016_02_L_02.tiff,016_02_L_04.tiff,True
016_02_L_02.tiff,016_02_L_05.tiff,True
016_02_L_03.tiff,016_02_L_04.tiff,True
016_02_L_03.tiff,016_02_L_05.tiff,True
016_02_L_04.tiff,016_02_L_05.tiff,True
016_02_R_01.tiff,016_02_R_02.tiff,True
016_02_R_01.tiff,016_02_R_03.tiff,True
016_02_R_01.tiff,016_02_R_04.tiff,True
016_02_R_01.tiff,016_02_R_05.tiff,True
016_02_R_02.tiff,016_02_R_03.tiff,True
016_02_R_02.tiff,016_02_R_04.tiff,True
016_02_R_02.tiff,016_02_R_05.tiff,True
016_02_R_03.tiff,016_02_R_04.tiff,True
016_02_R_03.tiff,016_02_R_05.tiff,True
016_02_R_04.tiff,016_02_R_05.tiff,True
017_01_L_01.tiff,017_01_L_02.tiff,True
017_01_L_01.tiff,017_01_L_03.tiff,True
017_01_L_01.tiff,017_01_L_04.tiff,True
017_01_L_01.tiff,017_01_L_05.tiff,True
017_01_L_02.tiff,017_01_L_03.tiff,True
017_01_L_02.tiff,017_01_L_04.tiff,True
017_01_L_02.tiff,017_01_L_05.tiff,True
017_01_L_03.tiff,017_01_L_04.tiff,True
017_01_L_03.tiff,017_01_L_05.tiff,True
017_01_L_04.tiff,017_01_L_05.tiff,True
017_01_R_01.tiff,017_01_R_02.tiff,True
017_01_R_01.tiff,017_01_R_03.tiff,True
017_01_R_01.tiff,017_01_R_04.tiff,True
017_01_R_01.tiff,017_01_R_05.tiff,True
017_01_R_02.tiff,017_01_R_03.tiff,True
017_01_R_02.tiff,017_01_R_04.tiff,True
017_01_R_02.tiff,017_01_R_05.tiff,True
017_01_R_03.tiff,017_01_R_04.tiff,True
017_01_R_03.tiff,017_01_R_05.tiff,True
017_01_R_04.tiff,017_01_R_05.tiff,True
017_02_L_01.tiff,017_02_L_02.tiff,True
017_02_L_01.tiff,017_02_L_03.tiff,True
017_02_L_01.tiff,017_02_L_04.tiff,True
017_02_L_01.tiff,017_02_L_05.tiff,True
017_02_L_02.tiff,017_02_L_03.tiff,True
017_02_L_02.tiff,017_02_L_04.tiff,True
017_02_L_02.tiff,017_02_L_05.tiff,True
017_02_L_03.tiff,017_02_L_04.tiff,True
017_02_L_03.tiff,017_02_L_05.tiff,True
017_02_L_04.tiff,017_02_L_05.tiff,True
017_02_R_01.tiff,017_02_R_02.tiff,True
017_02_R_01.tiff,017_02_R_03.tiff,True
017_02_R_01.tiff,017_02_R_04.tiff,True
017_02_R_01.tiff,017_02_R_05.tiff,True
017_02_R_02.tiff,017_02_R_03.tiff,True
017_02_R_02.tiff,017_02_R_04.tiff,True
017_02_R_02.tiff,017_02_R_05.tiff,True
017_02_R_03.tiff,017_02_R_04.tiff,True
017_02_R_03.tiff,017_02_R_05.tiff,True
017_02_R_04.tiff,017_02_R_05.tiff,True
017_03_L_01.tiff,017_03_L_02.tiff,True
017_03_L_01.tiff,017_03_L_03.tiff,True
017_03_L_01.tiff,017_03_L_04.tiff,True
017_03_L_01.tiff,017_03_L_05.tiff,True
017_03_L_02.tiff,017_03_L_03.tiff,True
017_03_L_02.tiff,017_03_L_04.tiff,True
017_03_L_02.tiff,017_03_L_05.tiff,True
017_03_L_03.tiff,017_03_L_04.tiff,True
017_03_L_03.tiff,017_03_L_05.tiff,True
017_03_L_04.tiff,017_03_L_05.tiff,True
017_03_R_01.tiff,017_03_R_02.tiff,True
017_03_R_01.tiff,017_03_R_03.tiff,True
017_03_R_01.tiff,017_03_R_04.tiff,True
017_03_R_01.tiff,017_03_R_05.tiff,True
017_03_R_02.tiff,017_03_R_03.tiff,True
017_03_R_02.tiff,017_03_R_04.tiff,True
017_03_R_02.tiff,017_03_R_05.tiff,True
017_03_R_03.tiff,017_03_R_04.tiff,True
017_03_R_03.tiff,017_03_R_05.tiff,True
017_03_R_04.tiff,017_03_R_05.tiff,True
017_06_L_01.tiff,017_06_L_02.tiff,True
017_06_L_01.tiff,017_06_L_03.tiff,True
017_06_L_01.tiff,017_06_L_04.tiff,True
017_06_L_01.tiff,017_06_L_05.tiff,True
017_06_L_02.tiff,017_06_L_03.tiff,True
017_06_L_02.tiff,017_06_L_04.tiff,True
017_06_L_02.tiff,017_06_L_05.tiff,True
017_06_L_03.tiff,017_06_L_04.tiff,True
017_06_L_03.tiff,017_06_L_05.tiff,True
017_06_L_04.tiff,017_06_L_05.tiff,True
017_06_R_01.tiff,017_06_R_02.tiff,True
017_06_R_01.tiff,017_06_R_03.tiff,True
017_06_R_01.tiff,017_06_R_04.tiff,True
017_06_R_01.tiff,017_06_R_05.tiff,True
017_06_R_02.tiff,017_06_R_03.tiff,True
017_06_R_02.tiff,017_06_R_04.tiff,True
017_06_R_02.tiff,017_06_R_05.tiff,True
017_06_R_03.tiff,017_06_R_04.tiff,True
017_06_R_03.tiff,017_06_R_05.tiff,True
017_06_R_04.tiff,017_06_R_05.tiff,True
018_01_L_01.tiff,018_01_L_02.tiff,True
018_01_L_01.tiff,018_01_L_03.tiff,True
018_01_L_01.tiff,018_01_L_04.tiff,True
018_01_L_01.tiff,018_01_L_05.tiff,True
018_01_L_02.tiff,018_01_L_03.tiff,True
018_01_L_02.tiff,018_01_L_04.tiff,True
018_01_L_02.tiff,018_01_L_05.tiff,True
018_01_L_03.tiff,018_01_L_04.tiff,True
018_01_L_03.tiff,018_01_L_05.tiff,True
018_01_L_04.tiff,018_01_L_05.tiff,True
018_01_R_01.tiff,018_01_R_02.tiff,True
018_01_R_01.tiff,018_01_R_03.tiff,True
018_01_R_01.tiff,018_01_R_04.tiff,True
018_01_R_01.tiff,018_01_R_05.tiff,True
018_01_R_02.tiff,018_01_R_03.tiff,True
018_01_R_02.tiff,018_01_R_04.tiff,True
018_01_R_02.tiff,018_01_R_05.tiff,True
018_01_R_03.tiff,018_01_R_04.tiff,True
018_01_R_03.tiff,018_01_R_05.tiff,True
018_01_R_04.tiff,018_01_R_05.tiff,True
018_02_L_01.tiff,018_02_L_02.tiff,True
018_02_L_01.tiff,018_02_L_03.tiff,True
018_02_L_01.tiff,018_02_L_04.tiff,True
018_02_L_01.tiff,018_02_L_05.tiff,True
018_02_L_02.tiff,018_02_L_03.tiff,True
018_02_L_02.tiff,018_02_L_04.tiff,True
018_02_L_02.tiff,018_02_L_05.tiff,True
018_02_L_03.tiff,018_02_L_04.tiff,True
018_02_L_03.tiff,018_02_L_05.tiff,True
018_02_L_04.tiff,018_02_L_05.tiff,True
018_02_R_01.tiff,018_02_R_02.tiff,True
018_02_R_01.tiff,018_02_R_03.tiff,True
018_02_R_01.tiff,018_02_R_04.tiff,True
018_02_R_01.tiff,018_02_R_05.tiff,True
018_02_R_02.tiff,018_02_R_03.tiff,True
018_02_R_02.tiff,018_02_R_04.tiff,True
018_02_R_02.tiff,018_02_R_05.tiff,True
018_02_R_03.tiff,018_02_R_04.tiff,True
018_02_R_03.tiff,018_02_R_05.tiff,True
018_02_R_04.tiff,018_02_R_05.tiff,True
018_03_L_01.tiff,018_03_L_02.tiff,True
018_03_L_01.tiff,018_03_L_03.tiff,True
018_03_L_01.tiff,018_03_L_04.tiff,True
018_03_L_01.tiff,018_03_L_05.tiff,True
018_03_L_02.tiff,018_03_L_03.tiff,True
018_03_L_02.tiff,018_03_L_04.tiff,True
018_03_L_02.tiff,018_03_L_05.tiff,True
018_03_L_03.tiff,018_03_L_04.tiff,True
018_03_L_03.tiff,018_03_L_05.tiff,True
018_03_L_04.tiff,018_03_L_05.tiff,True
018_03_R_01.tiff,018_03_R_02.tiff,True
018_03_R_01.tiff,018_03_R_03.tiff,True
018_03_R_01.tiff,018_03_R_04.tiff,True
018_03_R_01.tiff,018_03_R_05.tiff,True
018_03_R_02.tiff,018_03_R_03.tiff,True
018_03_R_02.tiff,018_03_R_04.tiff,True
018_03_R_02.tiff,018_03_R_05.tiff,True
018_03_R_03.tiff,018_03_R_04.tiff,True
018_03_R_03.tiff,018_03_R_05.tiff,True
018_03_R_04.tiff,018_03_R_05.tiff,True
018_04_L_01.tiff,018_04_L_02.tiff,True
018_04_L_01.tiff,018_04_L_03.tiff,True
018_04_L_01.tiff,018_04_L_04.tiff,True
018_04_L_01.tiff,018_04_L_05.tiff,True
018_04_L_02.tiff,018_04_L_03.tiff,True
018_04_L_02.tiff,018_04_L_04.tiff,True
018_04_L_02.tiff,018_04_L_05.tiff,True
018_04_L_03.tiff,018_04_L_04.tiff,True
018_04_L_03.tiff,018_04_L_05.tiff,True
018_04_L_04.tiff,018_04_L_05.tiff,True
018_04_R_01.tiff,018_04_R_02.tiff,True
018_04_R_01.tiff,018_04_R_03.tiff,True
018_04_R_01.tiff,018_04_R_04.tiff,True
018_04_R_01.tiff,018_04_R_05.tiff,True
018_04_R_02.tiff,018_04_R_03.tiff,True
018_04_R_02.tiff,018_04_R_04.tiff,True
018_04_R_02.tiff,018_04_R_05.tiff,True
018_04_R_03.tiff,018_04_R_04.tiff,True
018_04_R_03.tiff,018_04_R_05.tiff,True
018_04_R_04.tiff,018_04_R_05.tiff,True
019_01_L_01.tiff,019_01_L_02.tiff,True
019_01_L_01.tiff,019_01_L_03.tiff,True
019_01_L_01.tiff,019_01_L_04.tiff,True
019_01_L_01.tiff,019_01_L_05.tiff,True
019_01_L_02.tiff,019_01_L_03.tiff,True
019_01_L_02.tiff,019_01_L_04.tiff,True
019_01_L_02.tiff,019_01_L_05.tiff,True
019_01_L_03.tiff,019_01_L_04.tiff,True
019_01_L_03.tiff,019_01_L_05.tiff,True
019_01_L_04.tiff,019_01_L_05.tiff,True
019_01_R_01.tiff,019_01_R_02.tiff,True
019_01_R_01.tiff,019_01_R_03.tiff,True
019_01_R_01.tiff,019_01_R_04.tiff,True
019_01_R_01.tiff,019_01_R_05.tiff,True
019_01_R_02.tiff,019_01_R_03.tiff,True
019_01_R_02.tiff,019_01_R_04.tiff,True
019_01_R_02.tiff,019_01_R_05.tiff,True
019_01_R_03.tiff,019_01_R_04.tiff,True
019_01_R_03.tiff,019_01_R_05.tiff,True
019_01_R_04.tiff,019_01_R_05.tiff,True
019_02_L_01.tiff,019_02_L_02.tiff,True
019_02_L_01.tiff,019_02_L_03.tiff,True
019_02_L_01.tiff,019_02_L_04.tiff,True
019_02_L_01.tiff,019_02_L_05.tiff,True
019_02_L_02.tiff,019_02_L_03.tiff,True
019_02_L_02.tiff,019_02_L_04.tiff,True
019_02_L_02.tiff,019_02_L_05.tiff,True
019_02_L_03.tiff,019_02_L_04.tiff,True
019_02_L_03.tiff,019_02_L_05.tiff,True
019_02_L_04.tiff,019_02_L_05.tiff,True
019_02_R_01.tiff,019_02_R_02.tiff,True
019_02_R_01.tiff,019_02_R_03.tiff,True
019_02_R_01.tiff,019_02_R_04.tiff,True
019_02_R_01.tiff,019_02_R_05.tiff,True
019_02_R_02.tiff,019_02_R_03.tiff,True
019_02_R_02.tiff,019_02_R_04.tiff,True
019_02_R_02.tiff,019_02_R_05.tiff,True
019_02_R_03.tiff,019_02_R_04.tiff,True
019_02_R_03.tiff,019_02_R_05.tiff,True
019_02_R_04.tiff,019_02_R_05.tiff,True
020_01_L_01.tiff,020_01_L_02.tiff,True
020_01_L_01.tiff,020_01_L_03.tiff,True
020_01_L_01.tiff,020_01_L_04.tiff,True
020_01_L_01.tiff,020_01_L_05.tiff,True
020_01_L_02.tiff,020_01_L_03.tiff,True
020_01_L_02.tiff,020_01_L_04.tiff,True
020_01_L_02.tiff,020_01_L_05.tiff,True
020_01_L_03.tiff,020_01_L_04.tiff,True
020_01_L_03.tiff,020_01_L_05.tiff,True
020_01_L_04.tiff,020_01_L_05.tiff,True
020_01_R_01.tiff,020_01_R_02.tiff,True
020_01_R_01.tiff,020_01_R_03.tiff,True
020_01_R_01.tiff,020_01_R_04.tiff,True
020_01_R_01.tiff,020_01_R_05.tiff,True
020_01_R_02.tiff,020_01_R_03.tiff,True
020_01_R_02.tiff,020_01_R_04.tiff,True
020_01_R_02.tiff,020_01_R_05.tiff,True
020_01_R_03.tiff,020_01_R_04.tiff,True
020_01_R_03.tiff,020_01_R_05.tiff,True
020_01_R_04.tiff,020_01_R_05.tiff,True
020_04_L_01.tiff,020_04_L_02.tiff,True
020_04_L_01.tiff,020_04_L_03.tiff,True
020_04_L_01.tiff,020_04_L_04.tiff,True
020_04_L_01.tiff,020_04_L_05.tiff,True
020_04_L_02.tiff,020_04_L_03.tiff,True
020_04_L_02.tiff,020_04_L_04.tiff,True
020_04_L_02.tiff,020_04_L_05.tiff,True
020_04_L_03.tiff,020_04_L_04.tiff,True
020_04_L_03.tiff,020_04_L_05.tiff,True
020_04_L_04.tiff,020_04_L_05.tiff,True
020_04_R_01.tiff,020_04_R_02.tiff,True
020_04_R_01.tiff,020_04_R_03.tiff,True
020_04_R_01.tiff,020_04_R_04.tiff,True
020_04_R_01.tiff,020_04_R_05.tiff,True
020_04_R_02.tiff,020_04_R_03.tiff,True
020_04_R_02.tiff,020_04_R_04.tiff,True
020_04_R_02.tiff,020_04_R_05.tiff,True
020_04_R_03.tiff,020_04_R_04.tiff,True
020_04_R_03.tiff,020_04_R_05.tiff,True
020_04_R_04.tiff,020_04_R_05.tiff,True
020_05_L_01.tiff,020_05_L_02.tiff,True
020_05_L_01.tiff,020_05_L_03.tiff,True
020_05_L_01.tiff,020_05_L_04.tiff,True
020_05_L_01.tiff,020_05_L_05.tiff,True
020_05_L_02.tiff,020_05_L_03.tiff,True
020_05_L_02.tiff,020_05_L_04.tiff,True
020_05_L_02.tiff,020_05_L_05.tiff,True
020_05_L_03.tiff,020_05_L_04.tiff,True
020_05_L_03.tiff,020_05_L_05.tiff,True
020_05_L_04.tiff,020_05_L_05.tiff,True
020_05_R_01.tiff,020_05_R_02.tiff,True
020_05_R_01.tiff,020_05_R_03.tiff,True
020_05_R_01.tiff,020_05_R_04.tiff,True
020_05_R_01.tiff,020_05_R_05.tiff,True
020_05_R_02.tiff,020_05_R_03.tiff,True
020_05_R_02.tiff,020_05_R_04.tiff,True
020_05_R_02.tiff,020_05_R_05.tiff,True
020_05_R_03.tiff,020_05_R_04.tiff,True
020_05_R_03.tiff,020_05_R_05.tiff,True
020_05_R_04.tiff,020_05_R_05.tiff,True
020_10_L_01.tiff,020_10_L_02.tiff,True
020_10_L_01.tiff,020_10_L_03.tiff,True
020_10_L_01.tiff,020_10_L_04.tiff,True
020_10_L_01.tiff,020_10_L_05.tiff,True
020_10_L_02.tiff,020_10_L_03.tiff,True
020_10_L_02.tiff,020_10_L_04.tiff,True
020_10_L_02.tiff,020_10_L_05.tiff,True
020_10_L_03.tiff,020_10_L_04.tiff,True
020_10_L_03.tiff,020_10_L_05.tiff,True
020_10_L_04.tiff,020_10_L_05.tiff,True
020_10_R_01.tiff,020_10_R_02.tiff,True
020_10_R_01.tiff,020_10_R_03.tiff,True
020_10_R_01.tiff,020_10_R_04.tiff,True
020_10_R_01.tiff,020_10_R_05.tiff,True
020_10_R_02.tiff,020_10_R_03.tiff,True
020_10_R_02.tiff,020_10_R_04.tiff,True
020_10_R_02.tiff,020_10_R_05.tiff,True
020_10_R_03.tiff,020_10_R_04.tiff,True
020_10_R_03.tiff,020_10_R_05.tiff,True
020_10_R_04.tiff,020_10_R_05.tiff,True
020_11_L_01.tiff,020_11_L_02.tiff,True
020_11_L_01.tiff,020_11_L_03.tiff,True
020_11_L_01.tiff,020_11_L_04.tiff,True
020_11_L_01.tiff,020_11_L_05.tiff,True
020_11_L_02.tiff,020_11_L_03.tiff,True
020_11_L_02.tiff,020_11_L_04.tiff,True
020_11_L_02.tiff,020_11_L_05.tiff,True
020_11_L_03.tiff,020_11_L_04.tiff,True
020_11_L_03.tiff,020_11_L_05.tiff,True
020_11_L_04.tiff,020_11_L_05.tiff,True
020_11_R_01.tiff,020_11_R_02.tiff,True
020_11_R_01.tiff,020_11_R_03.tiff,True
020_11_R_01.tiff,020_11_R_04.tiff,True
020_11_R_01.tiff,020_11_R_05.tiff,True
020_11_R_02.tiff,020_11_R_03.tiff,True
020_11_R_02.tiff,020_11_R_04.tiff,True
020_11_R_02.tiff,020_11_R_05.tiff,True
020_11_R_03.tiff,020_11_R_04.tiff,True
020_11_R_03.tiff,020_11_R_05.tiff,True
020_11_R_04.tiff,020_11_R_05.tiff,True
020_12_L_01.tiff,020_12_L_02.tiff,True
020_12_L_01.tiff,020_12_L_03.tiff,True
020_12_L_01.tiff,020_12_L_04.tiff,True
020_12_L_01.tiff,020_12_L_05.tiff,True
020_12_L_02.tiff,020_12_L_03.tiff,True
020_12_L_02.tiff,020_12_L_04.tiff,True
020_12_L_02.tiff,020_12_L_05.tiff,True
020_12_L_03.tiff,020_12_L_04.tiff,True
020_12_L_03.tiff,020_12_L_05.tiff,True
020_12_L_04.tiff,020_12_L_05.tiff,True
020_12_R_01.tiff,020_12_R_02.tiff,True
020_12_R_01.tiff,020_12_R_03.tiff,True
020_12_R_01.tiff,020_12_R_04.tiff,True
020_12_R_01.tiff,020_12_R_05.tiff,True
020_12_R_02.tiff,020_12_R_03.tiff,True
020_12_R_02.tiff,020_12_R_04.tiff,True
020_12_R_02.tiff,020_12_R_05.tiff,True
020_12_R_03.tiff,020_12_R_04.tiff,True
020_12_R_03.tiff,020_12_R_05.tiff,True
020_12_R_04.tiff,020_12_R_05.tiff,True
020_15_L_01.tiff,020_15_L_02.tiff,True
020_15_L_01.tiff,020_15_L_03.tiff,True
020_15_L_01.tiff,020_15_L_04.tiff,True
020_15_L_01.tiff,020_15_L_05.tiff,True
020_15_L_02.tiff,020_15_L_03.tiff,True
020_15_L_02.tiff,020_15_L_04.tiff,True
020_15_L_02.tiff,020_15_L_05.tiff,True
020_15_L_03.tiff,020_15_L_04.tiff,True
020_15_L_03.tiff,020_15_L_05.tiff,True
020_15_L_04.tiff,020_15_L_05.tiff,True
020_15_R_01.tiff,020_15_R_02.tiff,True
020_15_R_01.tiff,020_15_R_03.tiff,True
020_15_R_01.tiff,020_15_R_04.tiff,True
020_15_R_01.tiff,020_15_R_05.tiff,True
020_15_R_02.tiff,020_15_R_03.tiff,True
020_15_R_02.tiff,020_15_R_04.tiff,True
020_15_R_02.tiff,020_15_R_05.tiff,True
020_15_R_03.tiff,020_15_R_04.tiff,True
020_15_R_03.tiff,020_15_R_05.tiff,True
020_15_R_04.tiff,020_15_R_05.tiff,True
020_16_L_01.tiff,020_16_L_02.tiff,True
020_16_L_01.tiff,020_16_L_03.tiff,True
020_16_L_01.tiff,020_16_L_04.tiff,True
020_16_L_01.tiff,020_16_L_05.tiff,True
020_16_L_02.tiff,020_16_L_03.tiff,True
020_16_L_02.tiff,020_16_L_04.tiff,True
020_16_L_02.tiff,020_16_L_05.tiff,True
020_16_L_03.tiff,020_16_L_04.tiff,True
020_16_L_03.tiff,020_16_L_05.tiff,True
020_16_L_04.tiff,020_16_L_05.tiff,True
020_16_R_01.tiff,020_16_R_02.tiff,True
020_16_R_01.tiff,020_16_R_03.tiff,True
020_16_R_01.tiff,020_16_R_04.tiff,True
020_16_R_01.tiff,020_16_R_05.tiff,True
020_16_R_02.tiff,020_16_R_03.tiff,True
020_16_R_02.tiff,020_16_R_04.tiff,True
020_16_R_02.tiff,020_16_R_05.tiff,True
020_16_R_03.tiff,020_16_R_04.tiff,True
020_16_R_03.tiff,020_16_R_05.tiff,True
020_16_R_04.tiff,020_16_R_05.tiff,True
020_18_L_01.tiff,020_18_L_02.tiff,True
020_18_L_01.tiff,020_18_L_03.tiff,True
020_18_L_01.tiff,020_18_L_04.tiff,True
020_18_L_01.tiff,020_18_L_05.tiff,True
020_18_L_02.tiff,020_18_L_03.tiff,True
020_18_L_02.tiff,020_18_L_04.tiff,True
020_18_L_02.tiff,020_18_L_05.tiff,True
020_18_L_03.tiff,020_18_L_04.tiff,True
020_18_L_03.tiff,020_18_L_05.tiff,True
020_18_L_04.tiff,020_18_L_05.tiff,True
020_18_R_01.tiff,020_18_R_02.tiff,True
020_18_R_01.tiff,020_18_R_03.tiff,True
020_18_R_01.tiff,020_18_R_04.tiff,True
020_18_R_01.tiff,020_18_R_05.tiff,True
020_18_R_02.tiff,020_18_R_03.tiff,True
020_18_R_02.tiff,020_18_R_04.tiff,True
020_18_R_02.tiff,020_18_R_05.tiff,True
020_18_R_03.tiff,020_18_R_04.tiff,True
020_18_R_03.tiff,020_18_R_05.tiff,True
020_18_R_04.tiff,020_18_R_05.tiff,True
021_01_L_01.tiff,021_01_L_02.tiff,True
021_01_L_01.tiff,021_01_L_03.tiff,True
021_01_L_01.tiff,021_01_L_04.tiff,True
021_01_L_01.tiff,021_01_L_05.tiff,True
021_01_L_02.tiff,021_01_L_03.tiff,True
021_01_L_02.tiff,021_01_L_04.tiff,True
021_01_L_02.tiff,021_01_L_05.tiff,True
021_01_L_03.tiff,021_01_L_04.tiff,True
021_01_L_03.tiff,021_01_L_05.tiff,True
021_01_L_04.tiff,021_01_L_05.tiff,True
021_01_R_01.tiff,021_01_R_02.tiff,True
021_01_R_01.tiff,021_01_R_03.tiff,True
021_01_R_01.tiff,021_01_R_04.tiff,True
021_01_R_01.tiff,021_01_R_05.tiff,True
021_01_R_02.tiff,021_01_R_03.tiff,True
021_01_R_02.tiff,021_01_R_04.tiff,True
021_01_R_02.tiff,021_01_R_05.tiff,True
021_01_R_03.tiff,021_01_R_04.tiff,True
021_01_R_03.tiff,021_01_R_05.tiff,True
021_01_R_04.tiff,021_01_R_05.tiff,True
021_04_L_01.tiff,021_04_L_02.tiff,True
021_04_L_01.tiff,021_04_L_03.tiff,True
021_04_L_01.tiff,021_04_L_04.tiff,True
021_04_L_01.tiff,021_04_L_05.tiff,True
021_04_L_02.tiff,021_04_L_03.tiff,True
021_04_L_02.tiff,021_04_L_04.tiff,True
021_04_L_02.tiff,021_04_L_05.tiff,True
021_04_L_03.tiff,021_04_L_04.tiff,True
021_04_L_03.tiff,021_04_L_05.tiff,True
021_04_L_04.tiff,021_04_L_05.tiff,True
021_04_R_01.tiff,021_04_R_02.tiff,True
021_04_R_01.tiff,021_04_R_03.tiff,True
021_04_R_01.tiff,021_04_R_04.tiff,True
021_04_R_01.tiff,021_04_R_05.tiff,True
021_04_R_02.tiff,021_04_R_03.tiff,True
021_04_R_02.tiff,021_04_R_04.tiff,True
021_04_R_02.tiff,021_04_R_05.tiff,True
021_04_R_03.tiff,021_04_R_04.tiff,True
021_04_R_03.tiff,021_04_R_05.tiff,True
021_04_R_04.tiff,021_04_R_05.tiff,True
021_06_L_01.tiff,021_06_L_02.tiff,True
021_06_L_01.tiff,021_06_L_03.tiff,True
021_06_L_01.tiff,021_06_L_04.tiff,True
021_06_L_01.tiff,021_06_L_05.tiff,True
021_06_L_02.tiff,021_06_L_03.tiff,True
021_06_L_02.tiff,021_06_L_04.tiff,True
021_06_L_02.tiff,021_06_L_05.tiff,True
021_06_L_03.tiff,021_06_L_04.tiff,True
021_06_L_03.tiff,021_06_L_05.tiff,True
021_06_L_04.tiff,021_06_L_05.tiff,True
021_06_R_01.tiff,021_06_R_02.tiff,True
021_06_R_01.tiff,021_06_R_03.tiff,True
021_06_R_01.tiff,021_06_R_04.tiff,True
021_06_R_01.tiff,021_06_R_05.tiff,True
021_06_R_02.tiff,021_06_R_03.tiff,True
021_06_R_02.tiff,021_06_R_04.tiff,True
021_06_R_02.tiff,021_06_R_05.tiff,True
021_06_R_03.tiff,021_06_R_04.tiff,True
021_06_R_03.tiff,021_06_R_05.tiff,True
021_06_R_04.tiff,021_06_R_05.tiff,True
021_08_L_01.tiff,021_08_L_02.tiff,True
021_08_L_01.tiff,021_08_L_03.tiff,True
021_08_L_01.tiff,021_08_L_04.tiff,True
021_08_L_01.tiff,021_08_L_05.tiff,True
021_08_L_02.tiff,021_08_L_03.tiff,True
021_08_L_02.tiff,021_08_L_04.tiff,True
021_08_L_02.tiff,021_08_L_05.tiff,True
021_08_L_03.tiff,021_08_L_04.tiff,True
021_08_L_03.tiff,021_08_L_05.tiff,True
021_08_L_04.tiff,021_08_L_05.tiff,True
021_08_R_01.tiff,021_08_R_02.tiff,True
021_08_R_01.tiff,021_08_R_03.tiff,True
021_08_R_01.tiff,021_08_R_04.tiff,True
021_08_R_01.tiff,021_08_R_05.tiff,True
021_08_R_02.tiff,021_08_R_03.tiff,True
021_08_R_02.tiff,021_08_R_04.tiff,True
021_08_R_02.tiff,021_08_R_05.tiff,True
021_08_R_03.tiff,021_08_R_04.tiff,True
021_08_R_03.tiff,021_08_R_05.tiff,True
021_08_R_04.tiff,021_08_R_05.tiff,True
023_01_L_01.tiff,023_01_L_02.tiff,True
023_01_L_01.tiff,023_01_L_03.tiff,True
023_01_L_01.tiff,023_01_L_04.tiff,True
023_01_L_01.tiff,023_01_L_05.tiff,True
023_01_L_02.tiff,023_01_L_03.tiff,True
023_01_L_02.tiff,023_01_L_04.tiff,True
023_01_L_02.tiff,023_01_L_05.tiff,True
023_01_L_03.tiff,023_01_L_04.tiff,True
023_01_L_03.tiff,023_01_L_05.tiff,True
023_01_L_04.tiff,023_01_L_05.tiff,True
023_01_R_01.tiff,023_01_R_02.tiff,True
023_01_R_01.tiff,023_01_R_03.tiff,True
023_01_R_01.tiff,023_01_R_04.tiff,True
023_01_R_01.tiff,023_01_R_05.tiff,True
023_01_R_02.tiff,023_01_R_03.tiff,True
023_01_R_02.tiff,023_01_R_04.tiff,True
023_01_R_02.tiff,023_01_R_05.tiff,True
023_01_R_03.tiff,023_01_R_04.tiff,True
023_01_R_03.tiff,023_01_R_05.tiff,True
023_01_R_04.tiff,023_01_R_05.tiff,True
023_02_L_01.tiff,023_02_L_02.tiff,True
023_02_L_01.tiff,023_02_L_03.tiff,True
023_02_L_01.tiff,023_02_L_04.tiff,True
023_02_L_01.tiff,023_02_L_05.tiff,True
023_02_L_02.tiff,023_02_L_03.tiff,True
023_02_L_02.tiff,023_02_L_04.tiff,True
023_02_L_02.tiff,023_02_L_05.tiff,True
023_02_L_03.tiff,023_02_L_04.tiff,True
023_02_L_03.tiff,023_02_L_05.tiff,True
023_02_L_04.tiff,023_02_L_05.tiff,True
023_02_R_01.tiff,023_02_R_02.tiff,True
023_02_R_01.tiff,023_02_R_03.tiff,True
023_02_R_01.tiff,023_02_R_04.tiff,True
023_02_R_01.tiff,023_02_R_05.tiff,True
023_02_R_02.tiff,023_02_R_03.tiff,True
023_02_R_02.tiff,023_02_R_04.tiff,True
023_02_R_02.tiff,023_02_R_05.tiff,True
023_02_R_03.tiff,023_02_R_04.tiff,True
023_02_R_03.tiff,023_02_R_05.tiff,True
023_02_R_04.tiff,023_02_R_05.tiff,True
024_01_L_01.tiff,024_01_L_02.tiff,True
024_01_L_01.tiff,024_01_L_03.tiff,True
024_01_L_01.tiff,024_01_L_04.tiff,True
024_01_L_01.tiff,024_01_L_05.tiff,True
024_01_L_02.tiff,024_01_L_03.tiff,True
024_01_L_02.tiff,024_01_L_04.tiff,True
024_01_L_02.tiff,024_01_L_05.tiff,True
024_01_L_03.tiff,024_01_L_04.tiff,True
024_01_L_03.tiff,024_01_L_05.tiff,True
024_01_L_04.tiff,024_01_L_05.tiff,True
024_01_R_01.tiff,024_01_R_02.tiff,True
024_01_R_01.tiff,024_01_R_03.tiff,True
024_01_R_01.tiff,024_01_R_04.tiff,True
024_01_R_01.tiff,024_01_R_05.tiff,True
024_01_R_02.tiff,024_01_R_03.tiff,True
024_01_R_02.tiff,024_01_R_04.tiff,True
024_01_R_02.tiff,024_01_R_05.tiff,True
024_01_R_03.tiff,024_01_R_04.tiff,True
024_01_R_03.tiff,024_01_R_05.tiff,True
024_01_R_04.tiff,024_01_R_05.tiff,True
025_05_L_01.tiff,025_05_L_02.tiff,True
025_05_L_01.tiff,025_05_L_03.tiff,True
025_05_L_01.tiff,025_05_L_04.tiff,True
025_05_L_01.tiff,025_05_L_05.tiff,True
025_05_L_02.tiff,025_05_L_03.tiff,True
025_05_L_02.tiff,025_05_L_04.tiff,True
025_05_L_02.tiff,025_05_L_05.tiff,True
025_05_L_03.tiff,025_05_L_04.tiff,True
025_05_L_03.tiff,025_05_L_05.tiff,True
025_05_L_04.tiff,025_05_L_05.tiff,True
025_05_R_01.tiff,025_05_R_02.tiff,True
025_05_R_01.tiff,025_05_R_03.tiff,True
025_05_R_01.tiff,025_05_R_04.tiff,True
025_05_R_01.tiff,025_05_R_05.tiff,True
025_05_R_02.tiff,025_05_R_03.tiff,True
025_05_R_02.tiff,025_05_R_04.tiff,True
025_05_R_02.tiff,025_05_R_05.tiff,True
025_05_R_03.tiff,025_05_R_04.tiff,True
025_05_R_03.tiff,025_05_R_05.tiff,True
025_05_R_04.tiff,025_05_R_05.tiff,True
025_06_L_01.tiff,025_06_L_02.tiff,True
025_06_L_01.tiff,025_06_L_03.tiff,True
025_06_L_01.tiff,025_06_L_04.tiff,True
025_06_L_01.tiff,025_06_L_05.tiff,True
025_06_L_02.tiff,025_06_L_03.tiff,True
025_06_L_02.tiff,025_06_L_04.tiff,True
025_06_L_02.tiff,025_06_L_05.tiff,True
025_06_L_03.tiff,025_06_L_04.tiff,True
025_06_L_03.tiff,025_06_L_05.tiff,True
025_06_L_04.tiff,025_06_L_05.tiff,True
025_06_R_01.tiff,025_06_R_02.tiff,True
025_06_R_01.tiff,025_06_R_03.tiff,True
025_06_R_01.tiff,025_06_R_04.tiff,True
025_06_R_01.tiff,025_06_R_05.tiff,True
025_06_R_02.tiff,025_06_R_03.tiff,True
025_06_R_02.tiff,025_06_R_04.tiff,True
025_06_R_02.tiff,025_06_R_05.tiff,True
025_06_R_03.tiff,025_06_R_04.tiff,True
025_06_R_03.tiff,025_06_R_05.tiff,True
025_06_R_04.tiff,025_06_R_05.tiff,True
025_07_L_01.tiff,025_07_L_02.tiff,True
025_07_L_01.tiff,025_07_L_03.tiff,True
025_07_L_01.tiff,025_07_L_04.tiff,True
025_07_L_01.tiff,025_07_L_05.tiff,True
025_07_L_02.tiff,025_07_L_03.tiff,True
025_07_L_02.tiff,025_07_L_04.tiff,True
025_07_L_02.tiff,025_07_L_05.tiff,True
025_07_L_03.tiff,025_07_L_04.tiff,True
025_07_L_03.tiff,025_07_L_05.tiff,True
025_07_L_04.tiff,025_07_L_05.tiff,True
025_07_R_01.tiff,025_07_R_02.tiff,True
025_07_R_01.tiff,025_07_R_03.tiff,True
025_07_R_01.tiff,025_07_R_04.tiff,True
025_07_R_01.tiff,025_07_R_05.tiff,True
025_07_R_02.tiff,025_07_R_03.tiff,True
025_07_R_02.tiff,025_07_R_04.tiff,True
025_07_R_02.tiff,025_07_R_05.tiff,True
025_07_R_03.tiff,025_07_R_04.tiff,True
025_07_R_03.tiff,025_07_R_05.tiff,True
025_07_R_04.tiff,025_07_R_05.tiff,True
025_08_L_01.tiff,025_08_L_02.tiff,True
025_08_L_01.tiff,025_08_L_03.tiff,True
025_08_L_01.tiff,025_08_L_04.tiff,True
025_08_L_01.tiff,025_08_L_05.tiff,True
025_08_L_02.tiff,025_08_L_03.tiff,True
025_08_L_02.tiff,025_08_L_04.tiff,True
025_08_L_02.tiff,025_08_L_05.tiff,True
025_08_L_03.tiff,025_08_L_04.tiff,True
025_08_L_03.tiff,025_08_L_05.tiff,True
025_08_L_04.tiff,025_08_L_05.tiff,True
025_08_R_01.tiff,025_08_R_02.tiff,True
025_08_R_01.tiff,025_08_R_03.tiff,True
025_08_R_01.tiff,025_08_R_04.tiff,True
025_08_R_01.tiff,025_08_R_05.tiff,True
025_08_R_02.tiff,025_08_R_03.tiff,True
025_08_R_02.tiff,025_08_R_04.tiff,True
025_08_R_02.tiff,025_08_R_05.tiff,True
025_08_R_03.tiff,025_08_R_04.tiff,True
025_08_R_03.tiff,025_08_R_05.tiff,True
025_08_R_04.tiff,025_08_R_05.tiff,True
026_02_L_01.tiff,026_02_L_02.tiff,True
026_02_L_01.tiff,026_02_L_03.tiff,True
026_02_L_01.tiff,026_02_L_04.tiff,True
026_02_L_01.tiff,026_02_L_05.tiff,True
026_02_L_02.tiff,026_02_L_03.tiff,True
026_02_L_02.tiff,026_02_L_04.tiff,True
026_02_L_02.tiff,026_02_L_05.tiff,True
026_02_L_03.tiff,026_02_L_04.tiff,True
026_02_L_03.tiff,026_02_L_05.tiff,True
026_02_L_04.tiff,026_02_L_05.tiff,True
026_02_R_01.tiff,026_02_R_02.tiff,True
026_02_R_01.tiff,026_02_R_03.tiff,True
026_02_R_01.tiff,026_02_R_04.tiff,True
026_02_R_01.tiff,026_02_R_05.tiff,True
026_02_R_02.tiff,026_02_R_03.tiff,True
026_02_R_02.tiff,026_02_R_04.tiff,True
026_02_R_02.tiff,026_02_R_05.tiff,True
026_02_R_03.tiff,026_02_R_04.tiff,True
026_02_R_03.tiff,026_02_R_05.tiff,True
026_02_R_04.tiff,026_02_R_05.tiff,True
026_06_L_01.tiff,026_06_L_02.tiff,True
026_06_L_01.tiff,026_06_L_03.tiff,True
026_06_L_01.tiff,026_06_L_04.tiff,True
026_06_L_01.tiff,026_06_L_05.tiff,True
026_06_L_02.tiff,026_06_L_03.tiff,True
026_06_L_02.tiff,026_06_L_04.tiff,True
026_06_L_02.tiff,026_06_L_05.tiff,True
026_06_L_03.tiff,026_06_L_04.tiff,True
026_06_L_03.tiff,026_06_L_05.tiff,True
026_06_L_04.tiff,026_06_L_05.tiff,True
026_06_R_01.tiff,026_06_R_02.tiff,True
026_06_R_01.tiff,026_06_R_03.tiff,True
026_06_R_01.tiff,026_06_R_04.tiff,True
026_06_R_01.tiff,026_06_R_05.tiff,True
026_06_R_02.tiff,026_06_R_03.tiff,True
026_06_R_02.tiff,026_06_R_04.tiff,True
026_06_R_02.tiff,026_06_R_05.tiff,True
026_06_R_03.tiff,026_06_R_04.tiff,True
026_06_R_03.tiff,026_06_R_05.tiff,True
026_06_R_04.tiff,026_06_R_05.tiff,True
026_09_L_01.tiff,026_09_L_02.tiff,True
026_09_L_01.tiff,026_09_L_03.tiff,True
026_09_L_01.tiff,026_09_L_04.tiff,True
026_09_L_01.tiff,026_09_L_05.tiff,True
026_09_L_02.tiff,026_09_L_03.tiff,True
026_09_L_02.tiff,026_09_L_04.tiff,True
026_09_L_02.tiff,026_09_L_05.tiff,True
026_09_L_03.tiff,026_09_L_04.tiff,True
026_09_L_03.tiff,026_09_L_05.tiff,True
026_09_L_04.tiff,026_09_L_05.tiff,True
026_09_R_01.tiff,026_09_R_02.tiff,True
026_09_R_01.tiff,026_09_R_03.tiff,True
026_09_R_01.tiff,026_09_R_04.tiff,True
026_09_R_01.tiff,026_09_R_05.tiff,True
026_09_R_02.tiff,026_09_R_03.tiff,True
026_09_R_02.tiff,026_09_R_04.tiff,True
026_09_R_02.tiff,026_09_R_05.tiff,True
026_09_R_03.tiff,026_09_R_04.tiff,True
026_09_R_03.tiff,026_09_R_05.tiff,True
026_09_R_04.tiff,026_09_R_05.tiff,True
026_11_L_01.tiff,026_11_L_02.tiff,True
026_11_L_01.tiff,026_11_L_03.tiff,True
026_11_L_01.tiff,026_11_L_04.tiff,True
026_11_L_01.tiff,026_11_L_05.tiff,True
026_11_L_02.tiff,026_11_L_03.tiff,True
026_11_L_02.tiff,026_11_L_04.tiff,True
026_11_L_02.tiff,026_11_L_05.tiff,True
026_11_L_03.tiff,026_11_L_04.tiff,True
026_11_L_03.tiff,026_11_L_05.tiff,True
026_11_L_04.tiff,026_11_L_05.tiff,True
026_11_R_01.tiff,026_11_R_02.tiff,True
026_11_R_01.tiff,026_11_R_03.tiff,True
026_11_R_01.tiff,026_11_R_04.tiff,True
026_11_R_01.tiff,026_11_R_05.tiff,True
026_11_R_02.tiff,026_11_R_03.tiff,True
026_11_R_02.tiff,026_11_R_04.tiff,True
026_11_R_02.tiff,026_11_R_05.tiff,True
026_11_R_03.tiff,026_11_R_04.tiff,True
026_11_R_03.tiff,026_11_R_05.tiff,True
026_11_R_04.tiff,026_11_R_05.tiff,True
026_12_L_01.tiff,026_12_L_02.tiff,True
026_12_L_01.tiff,026_12_L_03.tiff,True
026_12_L_01.tiff,026_12_L_04.tiff,True
026_12_L_01.tiff,026_12_L_05.tiff,True
026_12_L_02.tiff,026_12_L_03.tiff,True
026_12_L_02.tiff,026_12_L_04.tiff,True
026_12_L_02.tiff,026_12_L_05.tiff,True
026_12_L_03.tiff,026_12_L_04.tiff,True
026_12_L_03.tiff,026_12_L_05.tiff,True
026_12_L_04.tiff,026_12_L_05.tiff,True
026_12_R_01.tiff,026_12_R_02.tiff,True
026_12_R_01.tiff,026_12_R_03.tiff,True
026_12_R_01.tiff,026_12_R_04.tiff,True
026_12_R_01.tiff,026_12_R_05.tiff,True
026_12_R_02.tiff,026_12_R_03.tiff,True
026_12_R_02.tiff,026_12_R_04.tiff,True
026_12_R_02.tiff,026_12_R_05.tiff,True
026_12_R_03.tiff,026_12_R_04.tiff,True
026_12_R_03.tiff,026_12_R_05.tiff,True
026_12_R_04.tiff,026_12_R_05.tiff,True
